structure,e_crys
Ih,-14.963672433059797
II,-14.922213699586417
III,-14.934646861989412
IV,-14.900540525271465
VI,-14.898503962834955
VII,-14.827121225670162
VIII,-14.859328570341445
IX,-14.93671683524869
XI,-14.971942130200206
XIII,-14.920771547805218
XIV,-14.906188513587383
XV,-14.895596558780596
XVII,-14.94632060736616
