structure,e_crys
Ih,-14.974148407216601
II,-14.989630695689874
III,-14.966431547210767
IV,-14.96542180449716
VI,-14.989296533828727
VII,-14.99048415573872
VIII,-15.001197752470235
IX,-14.97662212046417
XI,-14.979587706451028
XIII,-14.985795398216718
XIV,-14.984247028914103
XV,-14.986831793927703
XVII,-14.96001103074824
