structure,e_crys
Ih,-14.987982967967342
II,-14.799470787055482
III,-14.90838559548552
IV,-14.760878059404519
VI,-14.656546698684362
VII,-14.52035782332716
VIII,-14.573665423760122
IX,-14.885513121131822
XI,-14.992973216004112
XIII,-14.775443201445643
XIV,-14.703696494436175
XV,-14.672877752885821
XVII,-14.968327031185664
