structure,e_crys
Ih,-14.88040327618203
II,-14.867173026986812
III,-14.856219966665885
IV,-14.838906159198311
VI,-14.850678539157423
VII,-14.837599559373876
VIII,-14.84659880774538
IX,-14.863661760732278
XI,-14.882765818228684
XIII,-14.856558561759286
XIV,-14.852361633823195
XV,-14.84953845842621
XVII,-14.86994754951415
