structure,e_crys
Ih,-14.956979216939061
II,-14.922666793703376
III,-14.929612834660253
IV,-14.896292287057573
VI,-14.892474021111648
VII,-14.811349315344563
VIII,-14.833992117016193
IX,-14.935632547077782
XI,-14.960302817827698
XIII,-14.915349990755079
XIV,-14.901414791026497
XV,-14.890705744044187
XVII,-14.944351387439296
